Year of Release,Movie Time,IMDB Rating,IMDB Votes,Directors,Tomatometer Rating,Tomatometer Count,Audience Rating,Audience Count,Tomatometer Top Critics Count,Tomatometer Fresh Critics Count,Tomatometer Rotten Critics Count,Action,Adventure,Animation,Biography,Comdey,Comedy,Crime,Drama,Family,Fantasy,Film-Noir,History,Horror,Music,Musical,Mystery,Romance,Sci-Fi,Sport,Thriller,War,Western,Certified-Fresh,Fresh,Rotten,Spilled,Upright,G,NR,PG,PG-13,R,Winner
1927,144,7.5,12221,257,93.0,46.0,78,3530.0,9.0,43.0,3.0,0,0,0,0,0,0,0,1,0,0,0,0,0,0,0,0,1,0,0,0,1,0,1,0,0,0,1,0,0,0,1,0,1
1928,84,6.7,1257,259,88.0,24.0,82,3530.0,7.0,8.0,3.0,0,0,0,0,0,0,1,1,0,0,1,0,0,0,0,0,0,0,0,0,0,0,1,0,0,0,1,0,0,0,0,1,0
1929,100,5.7,6890,88,33.0,24.0,21,1813.0,7.0,8.0,16.0,0,0,0,0,0,0,0,1,0,0,0,0,0,0,1,0,1,0,0,0,0,0,0,0,1,1,0,0,1,0,0,0,1
1928,95,5.6,1019,97,56.0,9.0,38,356.0,2.0,5.0,4.0,0,0,0,0,0,0,0,0,0,0,0,0,0,0,0,0,0,0,0,0,0,1,0,0,1,1,0,0,1,0,0,0,0
1930,152,8.1,59214,259,88.0,8.0,82,356.0,0.0,6.0,4.0,0,0,0,0,0,0,0,1,0,0,0,0,0,0,0,0,0,0,0,0,1,0,1,0,0,0,1,0,0,0,0,1,1
1930,84,6.7,2982,259,88.0,24.0,82,323.0,6.0,12.0,2.0,0,0,0,0,0,0,0,1,0,0,0,0,0,0,0,0,1,0,0,0,0,0,1,0,0,0,1,0,0,0,0,1,0
1931,123,5.9,5851,254,50.0,24.0,25,1514.0,6.0,12.0,12.0,0,0,0,0,0,0,0,1,0,0,0,0,0,0,0,0,0,0,0,0,0,1,0,0,1,1,0,0,1,0,0,0,1
1931,85,6.3,772,259,88.0,42.0,82,1514.0,10.0,36.0,12.0,0,0,0,0,0,1,0,1,1,0,0,0,0,0,0,0,0,0,0,0,0,0,1,0,0,0,1,0,0,0,0,1,0
1931,122,6.3,957,259,88.0,42.0,82,1514.0,10.0,36.0,12.0,1,1,0,0,0,0,0,1,0,0,0,0,0,0,0,0,0,0,0,0,0,0,1,0,0,0,1,0,0,0,0,1,0
1932,112,7.4,18314,59,86.0,42.0,77,7014.0,10.0,36.0,6.0,0,0,0,0,0,0,0,1,0,0,0,0,0,0,0,0,1,0,0,0,0,0,1,0,0,0,1,0,1,0,0,0,1
1931,108,6.2,1663,259,88.0,10.0,82,7014.0,2.0,9.0,6.0,0,0,0,0,0,0,0,1,0,0,0,0,0,0,0,0,0,0,0,0,0,0,1,0,0,0,1,0,0,0,0,1,0
1931,93,7.2,3540,259,88.0,29.0,82,617.0,10.0,17.0,1.0,0,0,0,0,0,1,0,0,0,0,0,0,0,0,1,0,1,0,0,0,0,0,1,0,0,0,1,0,0,0,0,1,0
1933,112,5.9,4961,68,59.0,29.0,26,1027.0,10.0,17.0,12.0,0,0,0,0,0,0,0,1,0,0,0,0,0,0,0,0,1,0,0,0,1,0,0,0,1,1,0,0,1,0,0,0,1
1933,89,7.4,11342,146,96.0,25.0,74,7561.0,4.0,24.0,1.0,0,0,0,0,0,1,0,1,0,0,0,0,0,0,1,0,0,0,0,0,0,0,0,1,0,0,1,0,1,0,0,0,0
1933,66,6.4,5899,149,91.0,22.0,53,2240.0,4.0,20.0,2.0,0,0,0,0,0,1,0,1,0,0,0,1,0,0,0,0,0,0,0,0,0,0,0,1,0,1,0,0,1,0,0,0,0
1932,98,6.9,1266,259,88.0,60.0,82,2240.0,15.0,59.0,2.0,0,0,0,0,0,0,0,1,0,0,0,0,0,0,0,0,1,0,0,0,0,0,1,0,0,0,1,0,0,0,0,1,0
1934,105,8.1,98409,66,98.0,60.0,93,33678.0,15.0,59.0,1.0,0,0,0,0,0,1,0,0,0,0,0,0,0,0,0,0,1,0,0,0,0,0,1,0,0,0,1,0,1,0,0,0,1
1934,97,5.7,700,259,88.0,14.0,82,335.0,0.0,13.0,2.0,0,0,0,0,0,0,0,0,0,0,0,0,0,0,1,0,1,0,0,0,0,0,1,0,0,0,1,0,0,0,0,1,0
1934,87,6.3,940,259,88.0,24.0,82,3378.0,7.0,22.0,1.0,0,0,0,0,0,1,0,1,0,0,0,0,0,0,0,0,1,0,0,0,0,0,1,0,0,0,1,0,0,0,0,1,0
1934,88,6.6,1127,259,88.0,24.0,82,3378.0,7.0,22.0,1.0,0,0,0,1,0,0,0,1,0,0,0,1,0,0,0,0,0,0,0,0,0,0,1,0,0,0,1,0,0,0,0,1,0
1934,80,6.8,86,259,88.0,41.0,82,12999.0,9.0,38.0,1.0,0,0,0,0,0,0,0,1,0,0,0,0,0,0,0,0,0,0,0,0,0,0,1,0,0,0,1,0,0,0,0,1,0
1935,132,7.7,21805,68,93.0,41.0,83,8061.0,9.0,38.0,3.0,0,1,0,1,0,0,0,1,0,0,0,0,0,0,0,0,0,0,0,0,0,0,1,0,0,0,1,0,1,0,0,0,1
1935,99,6.9,4020,82,94.0,17.0,71,2419.0,4.0,16.0,1.0,0,0,0,0,0,1,0,1,0,0,0,0,0,0,0,0,1,0,0,0,0,0,0,1,0,0,1,0,1,0,0,0,0
1935,119,7.7,13708,164,100.0,27.0,89,8194.0,4.0,27.0,0.0,1,1,0,0,0,0,0,0,0,0,0,1,0,0,0,0,0,0,0,0,0,0,0,1,0,0,1,0,1,0,0,0,0
1935,130,7.4,4069,259,88.0,16.0,82,8194.0,0.0,15.0,0.0,0,1,0,0,0,0,0,1,0,0,0,0,0,0,0,0,1,0,0,0,0,0,1,0,0,0,1,0,0,0,0,1,0
1935,133,6.9,3339,255,91.0,11.0,62,1229.0,0.0,10.0,1.0,0,0,0,0,0,1,0,0,0,1,0,0,0,0,0,0,1,0,0,0,0,0,0,1,0,0,1,0,1,0,0,0,0
1935,108,7.7,3468,259,88.0,42.0,82,1229.0,9.0,42.0,1.0,0,0,0,0,0,0,0,1,0,0,0,1,0,0,0,0,1,0,0,0,0,0,1,0,0,0,1,0,0,0,0,1,0
1935,105,6.7,1307,259,88.0,42.0,82,1229.0,9.0,42.0,1.0,0,0,0,0,0,0,0,1,0,0,0,0,0,0,1,0,1,0,0,0,0,0,1,0,0,0,1,0,0,0,0,1,0
1935,90,7.6,3874,259,88.0,42.0,82,1229.0,9.0,42.0,1.0,0,0,0,0,0,1,0,0,0,0,0,0,0,0,0,0,1,0,0,0,0,1,1,0,0,0,1,0,0,0,0,1,0
1935,101,7.8,18339,154,100.0,42.0,91,9847.0,9.0,42.0,0.0,0,0,0,0,0,1,0,0,0,0,0,0,0,0,1,0,1,0,0,0,0,0,1,0,0,0,1,0,1,0,0,0,0
1936,176,6.7,7665,215,62.0,34.0,50,2778.0,7.0,21.0,13.0,0,0,0,1,0,0,0,1,0,0,0,0,0,0,1,0,0,0,0,0,0,0,0,1,0,1,0,0,1,0,0,0,1
1936,141,6.4,1706,259,88.0,20.0,82,2778.0,3.0,18.0,13.0,0,1,0,0,0,0,0,1,0,0,0,0,0,0,0,0,1,0,0,0,0,0,1,0,0,0,1,0,0,0,0,1,0
1936,101,7.8,8668,259,90.0,20.0,86,1466.0,3.0,18.0,2.0,0,0,0,0,0,0,0,1,0,0,0,0,0,0,0,0,1,0,0,0,0,0,0,1,0,0,1,0,1,0,0,0,0
1936,98,7.9,7509,100,86.0,14.0,88,2696.0,0.0,12.0,2.0,0,0,0,0,0,1,0,0,0,0,0,0,0,0,0,0,1,0,0,0,0,0,0,1,0,0,1,0,1,0,0,0,0
1936,86,7.3,2601,259,88.0,13.0,82,1337.0,0.0,12.0,0.0,0,0,0,1,0,0,0,1,0,0,0,1,0,0,0,0,0,0,0,0,0,0,1,0,0,0,1,0,0,0,0,1,0
1937,116,7.2,7771,98,82.0,33.0,73,2348.0,9.0,27.0,6.0,0,0,0,1,0,0,0,1,0,0,0,0,0,0,0,0,0,0,0,0,0,0,0,1,0,0,1,1,0,0,0,0,1
1937,90,7.7,18721,140,93.0,29.0,87,7597.0,4.0,27.0,2.0,0,0,0,0,0,1,0,0,0,0,0,0,0,0,0,0,1,0,0,0,0,0,0,1,0,0,1,0,1,0,0,0,0
1937,117,8.0,9243,248,94.0,18.0,89,3811.0,0.0,17.0,1.0,0,1,0,0,0,0,0,1,1,0,0,0,0,0,0,0,0,0,0,0,0,0,0,1,0,0,1,0,0,1,0,0,0
1937,138,7.5,4753,227,95.0,19.0,76,1100.0,4.0,18.0,1.0,0,0,0,0,0,0,0,1,0,0,0,0,0,0,0,0,1,0,0,0,0,0,0,1,0,0,1,0,1,0,0,0,0
1938,95,6.8,2233,259,88.0,14.0,82,1100.0,1.0,13.0,1.0,1,0,0,0,0,0,0,1,0,0,0,0,0,0,1,0,0,0,0,0,0,0,1,0,0,0,1,0,0,0,0,1,0
1938,126,7.9,24466,259,88.0,48.0,82,2686.0,8.0,48.0,0.0,0,0,0,0,0,1,0,1,0,0,0,0,0,0,0,0,1,0,0,0,0,0,1,0,0,0,1,0,0,0,0,1,1
1938,106,6.9,2042,90,80.0,5.0,46,1421.0,1.0,4.0,1.0,0,0,0,0,0,0,0,1,0,0,0,0,0,1,1,0,0,0,0,0,0,0,0,1,0,1,0,0,1,0,0,0,0
1939,238,8.1,300592,259,88.0,24.0,82,411.0,1.0,21.0,1.0,0,0,0,0,0,0,0,1,0,0,0,1,0,0,0,0,1,0,0,0,0,0,1,0,0,0,1,0,0,0,0,1,1
1939,114,7.9,10164,223,82.0,17.0,87,5661.0,0.0,14.0,3.0,0,0,0,0,0,0,0,1,0,0,0,0,0,0,0,0,1,0,0,0,0,0,0,1,0,0,1,0,1,0,0,0,0
1939,96,7.9,45997,116,100.0,45.0,86,14614.0,7.0,45.0,0.0,0,1,0,0,0,0,0,1,0,0,0,0,0,0,0,0,0,0,0,0,0,1,1,0,0,0,1,0,1,0,0,0,0
1939,104,7.6,17314,259,96.0,23.0,85,8786.0,1.0,22.0,1.0,0,0,0,0,0,0,0,1,0,0,0,0,0,0,0,0,1,0,0,0,0,0,0,1,0,0,1,1,0,0,0,0,0
1940,130,8.1,130546,259,88.0,6.0,82,8786.0,3.0,5.0,1.0,0,0,0,0,0,0,0,1,0,0,0,0,0,0,0,1,1,0,0,0,0,0,1,0,0,0,1,0,0,0,0,1,1
1940,141,7.5,4728,11,83.0,6.0,85,1048.0,3.0,5.0,1.0,0,0,0,0,0,0,0,1,0,0,0,0,0,0,0,0,1,0,0,0,0,0,0,1,0,0,1,0,1,0,0,0,0
1940,125,8.4,212446,35,93.0,43.0,95,43702.0,10.0,40.0,3.0,0,0,0,0,0,1,0,1,0,0,0,0,0,0,0,0,0,0,0,0,1,0,1,0,0,0,1,1,0,0,0,0,0
1940,90,6.6,2525,223,86.0,7.0,46,1291.0,0.0,6.0,1.0,0,0,0,0,0,0,0,1,0,0,0,0,0,0,0,0,1,0,0,0,0,0,0,1,0,1,0,0,1,0,0,0,0
1941,118,7.7,22753,116,89.0,47.0,81,7950.0,9.0,42.0,5.0,0,0,0,0,0,0,0,1,1,0,0,0,0,0,0,0,0,0,0,0,0,0,1,0,0,0,1,0,1,0,0,0,1
1941,119,8.3,420959,182,100.0,93.0,90,159199.0,23.0,93.0,0.0,0,0,0,0,0,0,0,1,0,0,0,0,0,0,0,1,0,0,0,0,0,0,1,0,0,0,1,0,0,1,0,0,0
1941,94,7.6,6154,6,100.0,20.0,83,1120.0,0.0,20.0,0.0,0,0,0,0,0,1,0,0,0,1,0,0,0,0,0,0,1,0,0,0,0,0,0,1,0,0,1,0,1,0,0,0,0
1941,116,7.4,2247,259,88.0,15.0,82,1120.0,0.0,15.0,0.0,0,0,0,0,0,0,0,1,0,0,0,0,0,0,0,0,1,0,0,0,0,0,1,0,0,0,1,0,0,0,0,1,0
1941,100,8.0,152988,120,100.0,56.0,91,57852.0,9.0,56.0,0.0,0,0,0,0,0,0,1,0,0,0,1,0,0,0,0,1,0,0,0,0,0,0,1,0,0,0,1,0,0,1,0,0,0
1941,99,7.4,36081,10,97.0,33.0,78,14737.0,7.0,32.0,1.0,0,0,0,0,0,0,0,0,0,0,1,0,0,0,0,1,0,0,0,1,0,0,0,1,0,0,1,0,1,0,0,0,0
1942,134,7.6,16879,259,93.0,30.0,85,6063.0,9.0,28.0,2.0,0,0,0,0,0,0,0,1,0,0,0,0,0,0,0,0,1,0,0,0,1,0,0,1,0,0,1,1,0,0,0,0,1
1941,123,7.3,6333,259,88.0,16.0,82,6063.0,1.0,16.0,2.0,0,0,0,0,0,0,0,1,0,0,0,0,0,0,0,0,0,0,0,1,1,0,1,0,0,0,1,0,0,0,0,1,0
1942,127,7.5,4285,223,100.0,16.0,76,1081.0,1.0,16.0,0.0,0,0,0,0,0,0,0,1,0,0,0,0,0,0,0,1,1,0,0,0,0,0,0,1,0,0,1,0,1,0,0,0,0
1942,102,8.5,541023,164,99.0,92.0,95,357518.0,23.0,91.0,1.0,0,0,0,0,0,0,0,1,0,0,0,0,0,0,0,0,1,0,0,0,1,0,1,0,0,0,1,0,0,1,0,0,1
1942,75,8.0,22189,259,88.0,15.0,82,1310.0,1.0,13.0,1.0,0,1,0,0,0,0,0,1,0,0,0,0,0,0,0,0,0,0,0,0,0,1,1,0,0,0,1,0,0,0,0,1,0
1944,126,7.1,11187,140,81.0,31.0,75,5784.0,7.0,25.0,6.0,0,0,0,0,0,1,0,1,0,0,0,0,0,1,0,0,0,0,0,0,0,0,0,1,0,0,1,1,0,0,0,0,1
1944,154,6.4,1525,259,88.0,39.0,82,8527.0,9.0,38.0,4.0,0,0,0,1,0,0,0,1,0,0,0,1,0,0,0,0,0,0,0,0,0,0,1,0,0,0,1,0,0,0,0,1,0
1945,101,7.9,35261,27,97.0,39.0,90,8866.0,9.0,38.0,1.0,0,0,0,0,0,0,0,1,0,0,1,0,0,0,0,0,0,0,0,0,0,0,0,1,0,0,1,0,1,0,0,0,1
1945,140,7.1,8298,81,62.0,13.0,79,8284.0,4.0,8.0,5.0,0,0,0,0,0,1,0,0,0,1,0,0,0,1,0,0,0,0,0,0,0,0,0,1,0,0,1,0,1,0,0,0,0
1945,111,8.0,24288,164,86.0,44.0,90,8234.0,9.0,38.0,6.0,0,0,0,0,0,0,1,1,0,0,1,0,0,0,0,0,0,0,0,0,0,0,1,0,0,0,1,0,1,0,0,0,0
1946,170,8.1,60810,259,97.0,60.0,93,10819.0,14.0,58.0,2.0,0,0,0,0,0,0,0,1,0,0,0,0,0,0,0,0,1,0,0,0,1,0,1,0,0,0,1,0,1,0,0,0,1
1946,130,8.6,420975,66,94.0,82.0,95,218883.0,16.0,77.0,5.0,0,0,0,0,0,0,0,1,1,1,0,0,0,0,0,0,0,0,0,0,0,0,1,0,0,0,1,0,0,1,0,0,0
1946,145,7.4,5770,59,71.0,7.0,72,1905.0,0.0,5.0,2.0,0,0,0,0,0,0,0,1,0,0,0,0,0,0,0,0,1,0,0,0,0,0,0,1,0,0,1,0,1,0,0,0,0
1946,128,7.2,5658,39,100.0,14.0,76,3770.0,0.0,14.0,0.0,0,0,0,0,0,0,0,1,1,0,0,0,0,0,0,0,0,0,0,0,0,1,0,1,0,0,1,1,0,0,0,0,0
1947,118,7.2,15593,61,76.0,45.0,78,5627.0,11.0,34.0,11.0,0,0,0,0,0,0,0,1,0,0,0,0,0,0,0,0,1,0,0,0,0,0,1,0,0,0,1,0,0,1,0,0,1
1946,118,7.8,23120,259,88.0,47.0,82,1885.0,10.0,45.0,3.0,0,1,0,0,0,0,0,1,0,0,0,0,0,0,0,1,0,0,0,0,0,0,1,0,0,0,1,0,0,0,0,1,0
1948,154,7.6,16167,136,95.0,40.0,80,7542.0,8.0,38.0,2.0,0,0,0,0,0,0,0,1,0,0,0,0,0,0,0,0,0,0,0,0,0,0,1,0,0,0,1,0,1,0,0,0,1
1948,108,7.6,7232,11,100.0,8.0,83,2656.0,2.0,8.0,0.0,0,0,0,0,0,0,0,1,0,0,0,0,0,0,0,1,0,0,0,0,0,0,0,1,0,0,1,0,1,0,0,0,0
1949,110,7.5,14270,211,95.0,42.0,78,4866.0,9.0,40.0,2.0,0,0,0,0,0,0,0,1,0,0,1,0,0,0,0,0,0,0,0,0,0,0,1,0,0,0,1,0,0,1,0,0,1
1950,138,8.2,125426,129,99.0,77.0,94,45248.0,22.0,76.0,1.0,0,0,0,0,0,0,0,1,0,0,0,0,0,0,0,0,0,0,0,0,0,0,1,0,0,0,1,0,0,1,0,0,1
1950,92,7.2,10742,249,90.0,31.0,74,13901.0,6.0,28.0,3.0,0,0,0,0,0,1,0,0,0,0,0,0,0,0,0,0,1,0,0,0,0,0,0,1,0,0,1,1,0,0,0,0,0
1950,110,8.4,210129,27,99.0,69.0,95,53464.0,12.0,68.0,1.0,0,0,0,0,0,0,0,1,0,0,1,0,0,0,0,0,0,0,0,0,0,0,1,0,0,0,1,1,0,0,0,0,0
1951,114,7.2,31953,249,96.0,68.0,79,26460.0,14.0,65.0,3.0,0,0,0,0,0,0,0,1,0,0,0,0,0,0,1,0,1,0,0,0,0,0,1,0,0,0,1,1,0,0,0,0,1
1952,152,6.6,13797,34,42.0,31.0,54,6192.0,8.0,13.0,18.0,0,0,0,0,0,0,0,1,1,0,0,0,0,0,0,0,1,0,0,0,0,0,0,0,1,1,0,0,1,0,0,0,1
1952,85,8.0,100501,70,97.0,58.0,89,25442.0,10.0,56.0,2.0,0,0,0,0,0,0,0,1,0,0,0,0,0,0,0,0,0,0,0,1,0,1,1,0,0,0,1,0,0,1,0,0,0
1952,129,7.8,36499,116,91.0,45.0,91,30417.0,8.0,41.0,4.0,0,0,0,0,0,1,0,1,0,0,0,0,0,0,0,0,1,0,0,0,0,0,1,0,0,0,1,1,0,0,0,0,0
1953,118,7.6,45045,70,92.0,61.0,84,14883.0,16.0,56.0,5.0,0,0,0,0,0,0,0,1,0,0,0,0,0,0,0,0,1,0,0,0,1,0,1,0,0,0,1,1,0,0,0,0,1
1953,120,7.3,11012,129,95.0,22.0,81,5248.0,6.0,21.0,1.0,0,0,0,1,0,0,0,1,0,0,0,1,0,0,0,0,0,0,0,0,0,0,0,1,0,0,1,0,1,0,0,0,0
1953,135,6.8,9876,91,33.0,18.0,69,6018.0,4.0,6.0,12.0,0,0,0,0,0,0,0,1,0,0,0,1,0,0,0,0,0,0,0,0,0,0,0,0,1,0,1,1,0,0,0,0,0
1953,118,8.0,132970,259,97.0,59.0,93,63470.0,11.0,57.0,2.0,0,0,0,0,0,1,0,0,0,0,0,0,0,0,0,0,1,0,0,0,0,0,1,0,0,0,1,0,1,0,0,0,0
1954,108,8.1,147893,61,99.0,72.0,95,52205.0,14.0,71.0,1.0,0,0,0,0,0,0,1,1,0,0,0,0,0,0,0,0,0,0,0,1,0,0,1,0,0,0,1,0,1,0,0,0,1
1954,102,7.4,23448,231,88.0,26.0,87,54305.0,5.0,23.0,3.0,0,0,0,0,0,1,0,1,0,0,0,0,0,0,1,0,0,0,0,0,0,0,0,1,0,0,1,1,0,0,0,0,0
1955,90,7.7,22916,56,98.0,42.0,87,6757.0,8.0,41.0,1.0,0,0,0,0,0,0,0,1,0,0,0,0,0,0,0,0,1,0,0,0,0,0,1,0,0,0,1,0,1,0,0,0,1
1955,123,7.7,16057,117,92.0,25.0,84,6728.0,4.0,23.0,2.0,0,0,0,0,0,1,0,1,0,0,0,0,0,0,0,0,0,0,0,0,1,0,0,1,0,0,1,0,1,0,0,0,0
1955,115,7.1,8425,130,50.0,8.0,54,2519.0,1.0,4.0,4.0,0,0,0,0,0,0,0,1,0,0,0,0,0,0,0,0,1,0,0,0,0,0,0,0,1,1,0,0,0,1,0,0,0
1955,117,7.0,3763,46,67.0,6.0,74,1108.0,0.0,4.0,2.0,0,0,0,0,0,1,0,1,0,0,0,0,0,0,0,0,1,0,0,0,0,0,0,1,0,0,1,0,1,0,0,0,0
1956,175,6.8,26019,161,69.0,42.0,57,33440.0,9.0,29.0,13.0,0,1,0,0,0,1,0,0,1,0,0,0,0,0,0,0,0,0,0,0,0,0,0,1,0,1,0,1,0,0,0,0,1
1956,133,7.4,24685,251,96.0,26.0,83,61003.0,4.0,25.0,1.0,0,0,0,1,0,0,0,1,0,0,0,0,0,0,1,0,0,0,0,0,0,0,0,1,0,0,1,1,0,0,0,0,0
1957,161,8.1,210558,50,95.0,59.0,93,54711.0,12.0,56.0,3.0,0,1,0,0,0,0,0,1,0,0,0,0,0,0,0,0,0,0,0,0,1,0,1,0,0,0,1,0,0,1,0,0,1
1957,147,7.1,6473,259,88.0,31.0,82,3106.0,5.0,31.0,6.0,0,0,0,0,0,0,0,1,0,0,0,0,0,0,0,0,1,0,0,0,0,0,1,0,0,0,1,0,0,0,0,1,0
1958,115,6.7,21807,249,81.0,37.0,74,20979.0,8.0,30.0,7.0,0,0,0,0,0,1,0,0,0,0,0,0,0,0,1,0,1,0,0,0,0,0,0,1,0,0,1,1,0,0,0,0,1
1959,212,8.1,227894,259,86.0,50.0,89,106187.0,11.0,43.0,7.0,0,1,0,0,0,0,0,1,0,0,0,1,0,0,0,0,0,0,0,0,0,0,1,0,0,0,1,1,0,0,0,0,1
1959,149,7.6,9968,70,94.0,16.0,82,5552.0,3.0,15.0,1.0,0,0,0,0,0,0,0,1,0,0,0,0,0,0,0,0,0,0,0,0,0,0,0,1,0,0,1,0,1,0,0,0,0
1959,115,7.5,5746,259,88.0,71.0,82,5552.0,17.0,66.0,1.0,0,0,0,0,0,0,0,1,0,0,0,0,0,0,0,0,1,0,0,0,0,0,1,0,0,0,1,0,0,0,0,1,0
1960,125,8.3,171390,27,93.0,71.0,94,38188.0,17.0,66.0,5.0,0,0,0,0,0,1,0,1,0,0,0,0,0,0,0,0,1,0,0,0,0,0,1,0,0,0,1,0,1,0,0,0,1
1960,162,6.8,15189,125,52.0,21.0,63,7337.0,4.0,11.0,10.0,0,1,0,0,0,0,0,1,0,0,0,1,0,0,0,0,0,0,0,0,0,0,0,0,1,0,1,0,1,0,0,0,0
1960,146,7.8,11043,259,88.0,12.0,82,7337.0,2.0,9.0,10.0,0,0,0,0,0,0,0,1,0,0,0,0,0,0,0,0,0,0,0,0,0,0,1,0,0,0,1,0,0,0,0,1,0
1960,103,7.1,1506,259,88.0,12.0,82,7337.0,2.0,9.0,10.0,0,0,0,0,0,0,0,1,0,0,0,0,0,0,0,0,0,0,0,0,0,0,1,0,0,0,1,0,0,0,0,1,0
1960,133,7.1,4031,70,75.0,12.0,62,589.0,2.0,9.0,3.0,0,1,0,0,0,0,0,1,0,0,0,0,0,0,0,0,0,0,0,0,0,0,0,1,0,0,1,0,1,0,0,0,0
1961,153,7.5,101270,214,92.0,78.0,84,168990.0,17.0,72.0,6.0,0,0,0,0,0,0,1,1,0,0,0,0,0,0,1,0,0,0,0,0,0,0,1,0,0,0,1,0,0,1,0,0,1
1962,228,8.3,278596,50,98.0,88.0,93,75122.0,23.0,86.0,2.0,0,1,0,1,0,0,0,1,0,0,0,0,0,0,0,0,0,0,0,0,0,0,1,0,0,0,1,0,0,1,0,0,1
1962,178,7.2,15634,143,68.0,19.0,73,4471.0,3.0,13.0,6.0,0,1,0,0,0,0,0,1,0,0,0,1,0,0,0,0,0,0,0,0,0,0,0,1,0,0,1,0,1,0,0,0,1
1963,129,6.5,12448,247,82.0,39.0,58,5491.0,9.0,32.0,7.0,0,1,0,0,0,1,0,0,0,0,0,1,0,0,0,0,0,0,0,0,0,0,0,1,0,1,0,0,1,0,0,0,1
1963,192,7.0,31027,129,62.0,39.0,69,20541.0,10.0,24.0,15.0,0,0,0,1,0,0,0,1,0,0,0,1,0,0,0,0,0,0,0,0,0,0,0,1,0,0,1,1,0,0,0,0,0
1962,164,7.1,19741,259,88.0,23.0,82,20541.0,4.0,21.0,15.0,0,0,0,0,0,0,0,0,0,0,0,0,0,0,0,0,0,0,0,0,0,1,1,0,0,0,1,0,0,0,0,1,0
1964,170,7.8,90361,259,88.0,25.0,82,6139.0,9.0,19.0,2.0,0,0,0,0,0,0,0,1,1,0,0,0,0,0,1,0,0,0,0,0,0,0,1,0,0,0,1,0,0,0,0,1,1
1964,139,7.8,163118,212,100.0,51.0,86,682486.0,9.0,51.0,0.0,0,0,0,0,0,1,0,0,1,1,0,0,0,0,0,0,0,0,0,0,0,0,1,0,0,0,1,1,0,0,0,0,0
1964,142,7.7,21591,259,80.0,10.0,86,7146.0,0.0,8.0,2.0,0,0,0,0,0,1,0,1,0,0,0,0,0,0,0,0,0,0,0,0,0,0,0,1,0,0,1,0,1,0,0,0,0
1965,172,8.0,215374,213,83.0,71.0,91,606397.0,14.0,59.0,12.0,0,0,0,1,0,0,0,1,1,0,0,0,0,0,0,0,0,0,0,0,0,0,1,0,0,0,1,1,0,0,0,0,1
1965,128,7.1,6468,124,67.0,18.0,71,2184.0,3.0,12.0,6.0,0,0,0,0,0,0,0,1,0,0,0,0,0,0,0,0,1,0,0,0,0,0,0,1,0,0,1,0,1,0,0,0,0
1966,120,7.7,33107,70,83.0,42.0,87,9774.0,7.0,35.0,7.0,0,0,0,1,0,0,0,1,0,0,0,1,0,0,0,0,0,0,0,0,0,0,1,0,0,0,1,1,0,0,0,0,1
1966,126,7.0,8473,179,86.0,21.0,75,4763.0,2.0,18.0,3.0,0,0,0,0,0,1,0,0,0,0,0,0,0,0,0,0,0,0,0,0,1,0,0,1,0,0,1,1,0,0,0,0,0
1966,182,7.6,14184,213,89.0,18.0,88,5639.0,0.0,16.0,2.0,0,1,0,0,0,0,0,1,0,0,0,0,0,0,0,0,1,0,0,0,0,0,0,1,0,0,1,0,0,0,1,0,0
1966,131,8.0,72597,172,95.0,43.0,91,21663.0,8.0,41.0,2.0,0,0,0,0,0,0,0,1,0,0,0,0,0,0,0,0,0,0,0,0,0,0,1,0,0,0,1,0,0,0,0,1,0
1967,110,7.9,70719,179,95.0,55.0,92,23185.0,11.0,52.0,3.0,0,0,0,0,0,0,1,1,0,0,0,0,0,0,0,1,0,0,0,0,0,0,1,0,0,0,1,1,0,0,0,0,1
1967,111,7.8,107803,17,88.0,64.0,88,56566.0,12.0,56.0,8.0,1,0,0,1,0,0,1,0,0,0,0,0,0,0,0,0,0,0,0,0,0,0,1,0,0,0,1,0,0,0,0,1,0
1967,152,6.2,9028,202,29.0,21.0,57,73397.0,4.0,6.0,15.0,0,1,0,0,0,1,0,0,1,0,0,0,0,0,0,0,0,0,0,0,0,0,0,0,1,1,0,1,0,0,0,0,0
1967,106,8.0,261921,172,87.0,82.0,90,183610.0,20.0,71.0,11.0,0,0,0,0,0,1,0,1,0,0,0,0,0,0,0,0,1,0,0,0,0,0,1,0,0,0,1,0,0,1,0,0,0
1968,153,7.4,36386,33,82.0,34.0,81,56092.0,8.0,28.0,6.0,0,0,0,0,0,0,0,1,1,0,0,0,0,0,1,0,0,0,0,0,0,0,0,1,0,0,1,1,0,0,0,0,1
1968,101,7.3,3213,186,86.0,7.0,77,492.0,0.0,6.0,1.0,0,0,0,0,0,0,0,1,0,0,0,0,0,0,0,0,1,0,0,0,0,0,0,1,0,0,1,0,0,0,0,1,0
1969,113,7.8,106077,124,88.0,75.0,88,40013.0,16.0,66.0,9.0,0,0,0,0,0,0,0,1,0,0,0,0,0,0,0,0,0,0,0,0,0,0,1,0,0,0,1,0,0,0,0,1,1
1969,127,8.3,25227,42,93.0,46.0,93,6526.0,14.0,43.0,3.0,0,0,0,0,0,0,1,1,0,0,0,1,0,0,0,0,0,0,0,0,0,0,1,0,0,0,1,0,0,1,0,0,0
1970,172,7.9,98155,69,94.0,49.0,93,43309.0,10.0,46.0,3.0,0,0,0,1,0,0,0,1,0,0,0,0,0,0,0,0,0,0,0,0,1,0,1,0,0,0,1,0,0,1,0,0,1
1970,116,7.5,69897,208,87.0,53.0,83,53152.0,10.0,46.0,7.0,0,0,0,0,0,1,0,1,0,0,0,0,0,0,0,0,0,0,0,0,1,0,1,0,0,0,1,0,0,1,0,0,0
1971,104,7.7,115341,256,98.0,60.0,87,44341.0,12.0,59.0,1.0,1,0,0,0,0,0,1,1,0,0,0,0,0,0,0,0,0,0,0,0,0,0,1,0,0,0,1,0,0,0,0,1,1
1972,175,9.2,1697396,63,98.0,99.0,98,733939.0,24.0,97.0,2.0,0,0,0,0,0,0,1,1,0,0,0,0,0,0,0,0,0,0,0,0,0,0,1,0,0,0,1,0,0,0,0,1,1
1972,124,7.8,51698,28,93.0,43.0,87,36098.0,8.0,40.0,3.0,0,0,0,0,0,0,0,1,0,0,0,0,0,1,1,0,0,0,0,0,0,0,1,0,0,0,1,0,0,1,0,0,0
1972,109,7.7,102934,114,89.0,63.0,82,49424.0,6.0,56.0,7.0,0,1,0,0,0,0,0,1,0,0,0,0,0,0,0,0,0,0,0,1,0,0,1,0,0,0,1,0,0,0,0,1,0
1973,129,8.3,249856,78,94.0,63.0,95,61731.0,10.0,59.0,4.0,0,0,0,0,0,1,1,1,0,0,0,0,0,0,0,0,0,0,0,0,0,0,1,0,0,0,1,0,0,1,0,0,1
1972,91,8.1,32122,96,90.0,30.0,91,9251.0,6.0,27.0,3.0,0,0,0,0,0,0,0,1,0,0,0,0,0,0,0,0,0,0,0,0,0,0,0,1,0,0,1,0,0,0,0,1,0
1973,122,8.0,375156,256,83.0,81.0,87,420304.0,19.0,67.0,14.0,0,0,0,0,0,0,0,0,0,0,0,0,1,0,0,0,0,0,0,0,0,0,1,0,0,0,1,0,0,0,0,1,0
1973,106,6.5,2991,159,83.0,12.0,64,2032.0,1.0,10.0,2.0,0,0,0,0,0,1,0,0,0,0,0,0,0,0,0,0,1,0,0,0,0,0,0,1,0,0,1,0,0,1,0,0,0
1974,202,9.0,1178981,259,88.0,75.0,82,2032.0,15.0,74.0,2.0,0,0,0,0,0,0,1,1,0,0,0,0,0,0,0,0,0,0,0,0,0,0,1,0,0,0,1,0,0,0,0,1,1
1974,130,8.2,308349,219,99.0,75.0,93,77911.0,15.0,74.0,1.0,0,0,0,0,0,0,0,1,0,0,0,0,0,0,0,1,0,0,0,1,0,0,1,0,0,0,1,0,0,0,0,1,0
1975,133,8.7,950833,173,94.0,80.0,96,279760.0,14.0,75.0,5.0,0,0,0,0,0,0,0,1,0,0,0,0,0,0,0,0,0,0,0,0,0,0,1,0,0,0,1,0,0,0,0,1,1
1976,120,8.1,537813,118,94.0,65.0,69,33403994.0,11.0,61.0,4.0,0,0,0,0,0,0,0,1,0,0,0,0,0,0,0,0,0,0,1,0,0,0,1,0,0,0,1,0,0,1,0,0,1
1976,138,8.0,109033,2,94.0,63.0,92,50300.0,9.0,59.0,4.0,0,0,0,1,0,0,0,1,0,0,0,1,0,0,0,0,0,0,0,0,0,0,1,0,0,0,1,0,0,1,0,0,0
1976,147,7.3,4892,259,88.0,68.0,82,50300.0,11.0,62.0,4.0,0,0,0,1,0,0,0,1,0,0,0,0,0,1,0,0,0,0,0,0,0,0,1,0,0,0,1,0,0,0,0,1,0
1976,114,8.2,758393,157,96.0,92.0,93,260593.0,19.0,88.0,4.0,0,0,0,0,0,0,1,1,0,0,0,0,0,0,0,0,0,0,0,0,0,0,1,0,0,0,1,0,0,0,0,1,0
1977,93,8.0,257550,260,98.0,82.0,92,153745.0,18.0,80.0,2.0,0,0,0,0,0,1,0,0,0,0,0,0,0,0,0,0,1,0,0,0,0,0,1,0,0,0,1,0,0,1,0,0,1
1977,117,7.2,9219,259,88.0,76.0,82,7479.0,17.0,71.0,3.0,0,0,0,0,0,0,0,1,0,0,0,0,0,0,0,0,0,0,0,0,0,0,1,0,0,0,1,0,0,0,0,1,0
1977,121,8.6,1272908,259,88.0,76.0,82,7479.0,17.0,71.0,3.0,1,1,0,0,0,0,0,0,0,1,0,0,0,0,0,0,0,0,0,0,0,0,1,0,0,0,1,0,0,0,0,1,0
1978,183,8.1,323543,163,93.0,76.0,92,103489.0,17.0,71.0,5.0,0,0,0,0,0,0,0,1,0,0,0,0,0,0,0,0,0,0,0,0,1,0,1,0,0,0,1,0,0,0,0,1,1
1978,127,7.3,13023,259,88.0,41.0,82,103489.0,8.0,36.0,5.0,0,0,0,0,0,0,0,1,0,0,0,0,0,0,0,0,1,0,0,0,1,0,1,0,0,0,1,0,0,0,0,1,0
1978,101,6.9,19822,252,88.0,41.0,68,13232.0,8.0,36.0,5.0,0,0,0,0,0,1,0,0,0,1,0,0,0,0,0,0,1,0,0,0,0,0,1,0,0,0,1,0,0,1,0,0,0
1979,105,7.8,138582,209,88.0,52.0,89,43464.0,14.0,46.0,6.0,0,0,0,0,0,0,0,1,0,0,0,0,0,0,0,0,0,0,0,0,0,0,1,0,0,0,1,0,0,1,0,0,1
1979,123,7.9,29674,259,88.0,95.0,82,43464.0,25.0,93.0,6.0,0,0,0,0,0,0,0,1,0,0,0,0,0,1,1,0,0,0,0,0,0,0,1,0,0,0,1,0,0,0,0,1,0
1979,147,8.4,627726,63,98.0,95.0,94,286037.0,25.0,93.0,2.0,0,0,0,0,0,0,0,1,0,0,0,0,0,0,0,1,0,0,0,0,1,0,1,0,0,0,1,0,0,0,0,1,0
1980,124,7.7,49328,210,89.0,54.0,88,23217.0,11.0,48.0,6.0,0,0,0,0,0,0,0,1,0,0,0,0,0,0,0,0,0,0,0,0,0,0,1,0,0,0,1,0,0,0,0,1,1
1980,124,7.5,17579,162,86.0,22.0,86,36305.0,7.0,19.0,3.0,0,0,0,1,0,0,0,1,0,0,0,0,0,1,0,0,0,0,0,0,0,0,0,1,0,0,1,0,0,1,0,0,0
1980,129,8.2,334550,157,93.0,74.0,93,131407.0,19.0,69.0,5.0,0,0,0,1,0,0,0,1,0,0,0,0,0,0,0,0,0,0,1,0,0,0,1,0,0,0,1,0,0,0,0,1,0
1979,186,7.3,15999,219,81.0,26.0,78,6331.0,6.0,21.0,5.0,0,0,0,0,0,0,0,1,0,0,0,0,0,0,0,0,1,0,0,0,0,0,0,1,0,0,1,0,0,1,0,0,0
1981,125,7.2,57292,95,82.0,73.0,80,37166.0,19.0,60.0,13.0,0,0,0,1,0,0,0,1,0,0,0,0,0,0,0,0,0,0,1,0,0,0,1,0,0,0,1,0,0,1,0,0,1
1981,115,8.4,914188,238,95.0,80.0,96,826663.0,19.0,76.0,4.0,1,1,0,0,0,0,0,0,0,0,0,0,0,0,0,0,0,0,0,0,0,0,1,0,0,0,1,0,0,1,0,0,0
1982,191,8.0,223282,200,85.0,61.0,92,49831.0,9.0,52.0,9.0,0,0,0,1,0,0,0,1,0,0,0,1,0,0,0,0,0,0,0,0,0,0,1,0,0,0,1,0,0,1,0,0,1
1982,122,7.7,20689,259,88.0,51.0,82,49831.0,9.0,46.0,9.0,0,0,0,1,0,0,0,1,0,0,0,1,0,0,0,0,0,0,0,0,0,0,1,0,0,0,1,0,0,0,0,1,0
1983,132,7.4,57538,103,78.0,54.0,83,36329.0,11.0,42.0,12.0,0,0,0,0,0,1,0,1,0,0,0,0,0,0,0,0,0,0,0,0,0,0,1,0,0,0,1,0,0,1,0,0,1
1983,105,7.2,34895,137,68.0,38.0,77,22301.0,8.0,26.0,12.0,0,0,0,0,0,1,0,1,0,0,0,0,0,0,0,0,0,0,0,0,0,0,0,1,0,0,1,0,0,0,0,1,0
1983,92,7.4,10060,31,84.0,25.0,82,3613.0,1.0,21.0,4.0,0,0,0,0,0,0,0,1,0,0,0,0,0,1,0,0,0,0,0,0,0,0,0,1,0,0,1,0,0,1,0,0,0
1984,160,8.3,381101,173,93.0,99.0,95,180143.0,26.0,92.0,7.0,0,0,0,1,0,0,0,1,0,0,0,1,0,0,0,0,0,0,0,0,0,0,1,0,0,0,1,0,0,0,0,1,1
1984,141,7.8,53545,218,93.0,43.0,92,23126.0,8.0,40.0,3.0,0,0,0,1,0,0,0,1,0,0,0,1,0,0,0,0,0,0,0,0,0,0,1,0,0,0,1,0,0,0,0,1,0
1984,111,7.4,11271,209,89.0,38.0,83,6741.0,11.0,34.0,4.0,0,0,0,0,0,0,0,1,0,0,0,0,0,0,0,0,0,0,0,0,0,0,0,1,0,0,1,0,0,1,0,0,0
1985,161,7.2,76084,239,59.0,54.0,83,40320.0,17.0,32.0,22.0,0,0,0,1,0,0,0,1,0,0,0,0,0,0,0,0,1,0,0,0,0,0,0,0,1,0,1,0,0,1,0,0,1
1985,120,7.4,15003,89,87.0,30.0,81,7183.0,4.0,26.0,4.0,0,0,0,0,0,0,0,1,0,0,0,0,0,0,0,0,0,0,0,0,0,0,0,1,0,0,1,0,0,0,0,1,0
1986,120,8.1,394151,181,88.0,67.0,93,239850.0,18.0,59.0,8.0,0,0,0,0,0,0,0,1,0,0,0,0,0,0,0,0,0,0,0,0,1,0,1,0,0,0,1,0,0,0,0,1,1
1986,107,7.9,69273,260,91.0,56.0,90,31072.0,15.0,51.0,5.0,0,0,0,0,0,1,0,1,0,0,0,0,0,0,0,0,0,0,0,0,0,0,1,0,0,0,1,0,0,0,1,0,0
1986,125,7.4,58975,218,64.0,25.0,87,38896.0,7.0,16.0,9.0,0,1,0,0,0,0,0,1,0,0,0,1,0,0,0,0,0,0,0,0,0,0,0,1,0,0,1,0,0,1,0,0,0
1987,163,7.7,98273,26,89.0,72.0,88,39918.0,17.0,64.0,8.0,0,0,0,1,0,0,0,1,0,0,0,1,0,0,0,0,0,0,0,0,0,0,1,0,0,0,1,0,0,0,1,0,1
1987,133,7.2,28908,104,98.0,51.0,79,11001.0,11.0,50.0,1.0,0,0,0,0,0,1,0,1,0,0,0,0,0,0,0,0,1,0,0,0,0,0,1,0,0,0,1,0,0,0,0,1,0
1988,133,8.0,488860,21,89.0,80.0,90,314120.0,17.0,71.0,9.0,0,0,0,0,0,0,0,1,0,0,0,0,0,0,0,0,0,0,0,0,0,0,1,0,0,0,1,0,0,0,0,1,1
1988,119,7.6,66909,235,93.0,30.0,83,46589.0,8.0,28.0,2.0,0,0,0,0,0,0,0,1,0,0,0,0,0,0,0,0,1,0,0,0,0,0,0,1,0,0,1,0,0,0,0,1,0
1989,99,7.4,104806,259,88.0,48.0,82,33603.0,8.0,41.0,7.0,0,0,0,0,0,0,0,1,0,0,0,0,0,0,0,0,0,0,0,0,0,0,1,0,0,0,1,0,0,0,0,1,1
1989,145,7.2,101778,181,85.0,48.0,76,59360.0,8.0,41.0,7.0,0,0,0,1,0,0,0,1,0,0,0,0,0,0,0,0,0,0,0,0,1,0,1,0,0,0,1,0,0,0,0,1,0
1989,103,7.9,71014,111,98.0,41.0,92,26763.0,9.0,40.0,1.0,0,0,0,1,0,0,0,1,0,0,0,0,0,0,0,0,0,0,0,0,0,0,1,0,0,0,1,0,0,0,0,1,0
1990,181,8.0,249524,259,88.0,33.0,82,26763.0,4.0,29.0,1.0,0,1,0,0,0,0,0,1,0,0,0,0,0,0,0,0,0,0,0,0,0,1,1,0,0,0,1,0,0,0,0,1,1
1990,127,7.1,204848,110,74.0,74.0,80,469588.0,18.0,55.0,19.0,0,0,0,0,0,0,0,1,0,1,0,0,0,0,0,0,1,0,0,0,0,0,1,0,0,0,1,0,0,0,1,0,0
1990,162,7.6,373892,259,88.0,101.0,82,469588.0,28.0,97.0,19.0,0,0,0,0,0,0,1,1,0,0,0,0,0,0,0,0,0,0,0,0,0,0,1,0,0,0,1,0,0,0,0,1,0
1991,118,8.6,1326186,127,96.0,101.0,95,847028.0,28.0,97.0,4.0,0,0,0,0,0,0,1,1,0,0,0,0,0,0,0,0,0,0,0,1,0,0,1,0,0,0,1,0,0,0,0,1,1
1991,136,6.8,27635,21,85.0,60.0,69,10228.0,16.0,51.0,9.0,0,0,0,1,0,0,1,1,0,0,0,0,0,0,0,0,0,0,0,0,0,0,1,0,0,0,1,0,0,0,0,1,0
1991,189,8.0,147893,181,84.0,63.0,88,62583.0,13.0,53.0,10.0,0,0,0,0,0,0,0,1,0,0,0,1,0,0,0,0,0,0,0,1,0,0,1,0,0,0,1,0,0,0,0,1,0
1992,130,8.2,390280,40,96.0,106.0,93,122729.0,28.0,102.0,4.0,0,0,0,0,0,0,0,1,0,0,0,0,0,0,0,0,0,0,0,0,0,1,1,0,0,0,1,0,0,0,0,1,1
1992,112,7.3,53289,176,94.0,67.0,78,31834.0,19.0,63.0,4.0,0,0,0,0,0,0,1,1,0,0,0,0,0,0,0,0,1,0,0,0,0,0,1,0,0,0,1,0,0,0,0,1,0
1993,195,8.9,1261563,238,97.0,100.0,97,411608.0,24.0,97.0,3.0,0,0,0,1,0,0,0,1,0,0,0,1,0,0,0,0,0,0,0,0,0,0,1,0,0,0,1,0,0,0,0,1,1
1993,130,7.8,278006,12,96.0,77.0,89,267812.0,19.0,74.0,3.0,1,0,0,0,0,0,1,1,0,0,0,0,0,0,0,0,0,0,0,0,0,0,1,0,0,0,1,0,0,0,1,0,0
1994,142,8.8,1895991,216,71.0,103.0,95,1244237.0,30.0,73.0,30.0,0,0,0,0,0,0,0,1,0,0,0,0,0,0,0,0,1,0,0,0,0,0,0,1,0,0,1,0,0,0,1,0,1
1994,117,7.1,145046,171,96.0,69.0,74,185024.0,17.0,66.0,3.0,0,0,0,0,0,1,0,1,0,0,0,0,0,0,0,0,1,0,0,0,0,0,1,0,0,0,1,0,0,0,0,1,0
1994,142,9.3,2452594,67,91.0,75.0,98,886485.0,19.0,68.0,7.0,0,0,0,0,0,0,0,1,0,0,0,0,0,0,0,0,0,0,0,0,0,0,1,0,0,0,1,0,0,0,0,1,0
1995,178,8.3,986016,158,78.0,82.0,85,32708456.0,27.0,64.0,18.0,0,0,0,1,0,0,0,1,0,0,0,1,0,0,0,0,0,0,0,0,0,0,1,0,0,0,1,0,0,0,0,1,1
1995,140,7.6,279684,220,96.0,92.0,87,432986.0,31.0,88.0,4.0,0,1,0,0,0,0,0,1,0,0,0,1,0,0,0,0,0,0,0,0,0,0,1,0,0,0,1,0,0,1,0,0,0
1995,91,6.8,120428,37,97.0,70.0,67,508807.0,21.0,68.0,2.0,0,0,0,0,0,1,0,1,1,0,0,0,0,0,0,0,0,0,0,0,0,0,1,0,0,0,1,1,0,0,0,0,0
1995,136,7.7,108657,259,88.0,88.0,82,508807.0,31.0,75.0,2.0,0,0,0,0,0,0,0,1,0,0,0,0,0,0,0,0,1,0,0,0,0,0,1,0,0,0,1,0,0,0,0,1,0
1996,162,7.4,183677,15,85.0,88.0,83,81711.0,31.0,75.0,13.0,0,0,0,0,0,0,0,1,0,0,0,0,0,0,0,0,1,0,0,0,1,0,1,0,0,0,1,0,0,0,0,1,1
1997,194,7.8,1089044,101,89.0,192.0,69,35797635.0,62.0,171.0,21.0,0,0,0,0,0,0,0,1,0,0,0,0,0,0,0,0,1,0,0,0,0,0,1,0,0,0,1,0,0,0,1,0,1
1997,126,8.3,896929,87,97.0,79.0,94,364798.0,21.0,77.0,2.0,0,0,0,0,0,0,0,1,0,0,0,0,0,0,0,0,1,0,0,0,0,0,1,0,0,0,1,0,0,0,0,1,0
1998,123,7.1,218538,123,92.0,141.0,80,226989.0,44.0,130.0,11.0,0,0,0,0,0,1,0,1,0,0,0,1,0,0,0,0,0,0,0,0,0,0,1,0,0,0,1,0,0,0,0,1,1
1998,124,7.4,95572,225,82.0,62.0,86,63472.0,13.0,51.0,11.0,0,0,0,1,0,0,0,1,0,0,0,1,0,0,0,0,0,0,0,0,0,0,1,0,0,0,1,0,0,0,0,1,0
1999,122,8.3,1101496,222,87.0,190.0,93,660578.0,48.0,165.0,25.0,0,0,0,0,0,0,0,1,0,0,0,0,0,0,0,0,0,0,0,0,0,0,1,0,0,0,1,0,0,0,0,1,1
1999,126,7.4,95629,135,71.0,112.0,77,53501.0,26.0,80.0,32.0,0,0,0,0,0,0,0,1,0,0,0,0,0,0,0,0,1,0,0,0,0,0,0,1,0,0,1,0,0,0,1,0,0
1999,189,8.6,1198434,67,78.0,134.0,94,813775.0,35.0,105.0,29.0,0,0,0,0,0,0,1,1,0,1,0,0,0,0,0,0,0,0,0,0,0,0,1,0,0,0,1,0,0,0,0,1,0
1999,157,7.8,165522,168,96.0,137.0,90,59195.0,34.0,132.0,5.0,0,0,0,1,0,0,0,1,0,0,0,0,0,0,0,0,0,0,0,1,0,0,1,0,0,0,1,0,0,0,0,1,0
2000,155,8.5,1393352,205,77.0,199.0,87,34128168.0,49.0,153.0,46.0,1,1,0,0,0,0,0,1,0,0,0,0,0,0,0,0,0,0,0,0,0,0,1,0,0,0,1,0,0,0,0,1,1
2000,120,7.8,259991,259,88.0,146.0,82,328939.0,38.0,123.0,44.0,1,1,0,0,0,0,0,0,0,1,0,0,0,0,0,0,0,0,0,0,0,0,1,0,0,0,1,0,0,0,0,1,0
2000,147,7.6,201093,237,93.0,161.0,85,190385.0,40.0,149.0,12.0,0,0,0,0,0,0,1,1,0,0,0,0,0,0,0,0,0,0,0,1,0,0,1,0,0,0,1,0,0,0,0,1,0
2001,135,8.2,878511,220,74.0,213.0,93,490923.0,47.0,158.0,55.0,0,0,0,1,0,0,0,1,0,0,0,0,0,0,0,0,0,0,0,0,0,0,1,0,0,0,1,0,0,0,1,0,1
2002,113,7.2,221622,206,86.0,257.0,83,439544.0,55.0,220.0,37.0,0,0,0,0,0,1,1,0,0,0,0,0,0,0,1,0,0,0,0,0,0,0,1,0,0,0,1,0,0,0,1,0,1
2002,167,7.5,418948,157,73.0,211.0,81,294323.0,48.0,155.0,56.0,0,0,0,0,0,0,1,1,0,0,0,0,0,0,0,0,0,0,0,0,0,0,1,0,0,0,1,0,0,0,0,1,0
2002,179,8.7,1540135,193,95.0,255.0,95,1341428.0,52.0,243.0,12.0,1,1,0,0,0,0,0,1,0,0,0,0,0,0,0,0,0,0,0,0,0,0,1,0,0,0,1,0,0,0,1,0,0
2003,201,8.9,1703481,193,93.0,275.0,86,34679773.0,53.0,257.0,18.0,1,1,0,0,0,0,0,1,0,0,0,0,0,0,0,0,0,0,0,0,0,0,1,0,0,0,1,0,0,0,1,0,1
2003,102,7.7,431381,259,88.0,217.0,82,34679773.0,45.0,184.0,18.0,0,0,0,0,0,1,0,1,0,0,0,0,0,0,0,0,0,0,0,0,0,0,1,0,0,0,1,0,0,0,0,1,0
2004,132,8.1,655679,40,91.0,268.0,90,405053.0,58.0,243.0,25.0,0,0,0,0,0,0,0,1,0,0,0,0,0,0,0,0,0,0,1,0,0,0,1,0,0,0,1,0,0,0,1,0,1
2004,170,7.5,344901,157,86.0,224.0,79,207578.0,50.0,193.0,31.0,0,0,0,1,0,0,0,1,0,0,0,0,0,0,0,0,0,0,0,0,0,0,1,0,0,0,1,0,0,0,1,0,0
2004,127,7.5,184511,8,97.0,233.0,79,197689.0,50.0,225.0,8.0,0,0,0,0,0,1,0,1,0,0,0,0,0,0,0,0,1,0,0,0,0,0,1,0,0,0,1,0,0,0,0,1,0
2004,112,7.7,426775,185,74.0,241.0,88,442331.0,53.0,179.0,62.0,0,0,0,0,0,0,1,1,0,0,0,0,0,0,0,0,0,0,0,1,0,0,1,0,0,0,1,0,0,0,0,1,1
2006,151,8.5,1235906,157,91.0,280.0,94,737806.0,60.0,254.0,26.0,0,0,0,0,0,0,1,1,0,0,0,0,0,0,0,0,0,0,0,1,0,0,1,0,0,0,1,0,0,0,0,1,1
2006,141,7.9,157732,40,91.0,202.0,86,341085.0,53.0,184.0,18.0,1,1,0,0,0,0,0,1,0,0,0,0,0,0,0,0,0,0,0,0,0,0,1,0,0,0,1,0,0,0,0,1,0
2006,103,7.3,107000,235,96.0,198.0,76,175607.0,51.0,191.0,7.0,0,0,0,1,0,0,0,1,0,0,0,1,0,0,0,0,0,0,0,0,0,0,1,0,0,0,1,0,0,0,1,0,0
2007,122,8.1,896630,113,93.0,287.0,86,399154.0,64.0,268.0,19.0,0,0,0,0,0,0,1,1,0,0,0,0,0,0,0,0,0,0,0,1,0,0,1,0,0,0,1,0,0,0,0,1,1
2008,120,8.0,816485,47,91.0,288.0,90,1155769.0,53.0,263.0,25.0,0,0,0,0,0,0,0,1,0,0,0,0,0,0,0,0,1,0,0,0,0,0,1,0,0,0,1,0,0,0,0,1,1
2008,124,7.6,235605,234,63.0,202.0,79,206910.0,51.0,127.0,75.0,0,0,0,0,0,0,0,1,0,0,0,0,0,0,0,0,1,0,0,0,0,0,0,1,0,0,1,0,0,0,0,1,0
2008,131,7.5,433326,259,88.0,317.0,82,206910.0,63.0,259.0,75.0,0,0,0,0,0,0,0,1,0,0,0,0,0,0,0,0,0,0,0,1,1,0,1,0,0,0,1,0,0,0,0,1,1
2009,112,7.9,653215,177,90.0,312.0,82,1178535.0,56.0,280.0,32.0,1,0,0,0,0,0,0,0,0,0,0,0,0,0,0,0,0,1,0,1,0,0,1,0,0,0,1,0,0,0,0,1,0
2009,153,8.3,1326791,197,89.0,329.0,88,775878.0,65.0,292.0,37.0,0,1,0,0,0,0,0,1,0,0,0,0,0,0,0,0,0,0,0,0,1,0,1,0,0,0,1,0,0,0,0,1,0
2009,106,7.1,137770,217,90.0,223.0,68,63118.0,55.0,200.0,23.0,0,0,0,0,0,1,0,1,0,0,0,0,0,0,0,0,0,0,0,0,0,0,1,0,0,0,1,0,0,0,0,1,0
2010,118,8.0,655187,245,94.0,296.0,92,144575.0,60.0,279.0,17.0,0,0,0,1,0,0,0,1,0,0,0,1,0,0,0,0,0,0,0,0,0,0,1,0,0,0,1,0,0,0,1,0,1
2010,148,8.8,2160498,38,87.0,357.0,91,571078.0,65.0,310.0,47.0,1,1,0,0,0,0,0,0,0,0,0,0,0,0,0,0,0,1,0,0,0,0,1,0,0,0,1,0,0,0,1,0,0
2010,106,7.0,127959,145,92.0,224.0,74,63588.0,49.0,207.0,17.0,0,0,0,0,0,1,0,1,0,0,0,0,0,0,0,0,1,0,0,0,0,0,1,0,0,0,1,0,0,0,0,1,0
2011,100,7.9,235457,170,95.0,317.0,87,58629.0,64.0,302.0,15.0,0,0,0,0,0,1,0,1,0,0,0,0,0,0,0,0,1,0,0,0,0,0,1,0,0,0,1,0,0,0,1,0,1
2011,126,7.5,312181,157,93.0,227.0,78,82865.0,49.0,211.0,16.0,0,0,0,0,0,0,0,1,1,1,0,0,0,0,0,0,0,0,0,0,0,0,1,0,0,0,1,0,0,1,0,0,0
2011,139,6.8,171734,242,85.0,286.0,60,60899.0,58.0,242.0,44.0,0,0,0,0,0,0,0,1,0,1,0,0,0,0,0,0,0,0,0,0,0,0,1,0,0,0,1,0,0,0,1,0,0
2012,120,7.7,588984,23,96.0,356.0,90,208711.0,63.0,341.0,15.0,0,0,0,1,0,0,0,1,0,0,0,0,0,0,0,0,0,0,0,1,0,0,1,0,0,0,1,0,0,0,0,1,1
2012,127,7.9,96258,167,93.0,223.0,82,20897.0,59.0,207.0,16.0,0,0,0,0,0,0,0,1,0,0,0,0,0,0,0,0,0,0,0,0,0,0,1,0,0,0,1,0,0,0,1,0,0
2012,165,8.4,1420092,197,87.0,288.0,91,429231.0,55.0,250.0,38.0,0,0,0,0,0,0,0,1,0,0,0,0,0,0,0,0,0,0,0,0,0,1,1,0,0,0,1,0,0,0,0,1,0
2011,118,7.3,223752,259,88.0,255.0,82,169196.0,49.0,177.0,33.0,0,0,0,0,0,0,1,1,0,0,0,0,0,0,0,1,0,0,0,0,0,0,1,0,0,0,1,0,0,0,0,1,0
2012,122,7.7,679022,54,92.0,256.0,86,260499.0,57.0,236.0,21.0,0,0,0,0,0,1,0,1,0,0,0,0,0,0,0,0,1,0,0,0,0,0,1,0,0,0,1,0,0,0,0,1,0
2013,134,8.1,662741,236,95.0,365.0,90,140313.0,64.0,348.0,17.0,0,0,0,1,0,0,0,1,0,0,0,1,0,0,0,0,0,0,0,0,0,0,1,0,0,0,1,0,0,0,0,1,1
2013,115,7.7,115031,8,91.0,247.0,83,44798.0,56.0,225.0,23.0,0,1,0,0,0,1,0,1,0,0,0,0,0,0,0,0,0,0,0,0,0,0,1,0,0,0,1,0,0,0,0,1,0
2014,119,7.7,599240,259,88.0,321.0,82,180827.0,69.0,311.0,58.0,0,0,0,0,0,1,0,1,0,0,0,0,0,0,0,0,0,0,0,0,0,0,1,0,0,0,1,0,0,0,0,1,1
2014,133,7.3,455885,259,88.0,321.0,82,180827.0,69.0,311.0,58.0,1,0,0,1,0,0,0,1,0,0,0,0,0,0,0,0,0,0,0,0,0,0,1,0,0,0,1,0,0,0,0,1,0
2014,99,8.1,741950,253,91.0,305.0,86,97547.0,64.0,280.0,26.0,0,1,0,0,0,1,1,0,0,0,0,0,0,0,0,0,0,0,0,0,0,0,1,0,0,0,1,0,0,0,0,1,0
2014,128,7.5,89059,18,99.0,308.0,86,61482.0,61.0,304.0,4.0,0,0,0,1,0,0,0,1,0,0,0,1,0,0,0,0,0,0,0,0,0,0,1,0,0,0,1,0,0,0,1,0,0
2015,129,8.1,440413,259,97.0,367.0,93,70385.0,59.0,355.0,12.0,0,0,0,1,0,0,1,1,0,0,0,0,0,0,0,0,0,0,0,0,0,0,1,0,0,0,1,0,0,0,0,1,1
2015,142,7.6,298091,238,90.0,307.0,87,65466.0,58.0,278.0,30.0,0,0,0,0,0,0,0,1,0,0,0,1,0,0,0,0,0,0,0,1,0,0,1,0,0,0,1,0,0,0,1,0,0
2015,120,8.1,922840,77,97.0,422.0,85,128344.0,59.0,408.0,14.0,1,1,0,0,0,0,0,0,0,0,0,0,0,0,0,0,0,1,0,0,0,0,1,0,0,0,1,0,0,0,0,1,0
2015,144,8.0,791919,205,91.0,374.0,91,131656.0,60.0,340.0,34.0,0,1,0,0,0,0,0,1,0,0,0,0,0,0,0,0,0,1,0,0,0,0,1,0,0,0,1,0,0,0,1,0,0
2015,156,8.0,738208,5,78.0,397.0,84,105270.0,53.0,311.0,86.0,1,1,0,0,0,0,0,1,0,0,0,0,0,0,0,0,0,0,0,0,0,0,1,0,0,0,1,0,0,0,0,1,0
2015,118,8.1,391182,139,93.0,312.0,93,49668.0,55.0,292.0,21.0,0,0,0,0,0,0,0,1,0,0,0,0,0,0,0,0,0,0,0,1,0,0,1,0,0,0,1,0,0,0,0,1,0
2016,111,7.4,287563,20,98.0,384.0,79,45533.0,63.0,378.0,7.0,0,0,0,0,0,0,0,1,0,0,0,0,0,0,0,0,0,0,0,0,0,0,1,0,0,0,1,0,0,0,0,1,1
2016,116,7.9,629568,57,94.0,426.0,82,83315.0,59.0,402.0,24.0,0,0,0,0,0,0,0,1,0,0,0,0,0,0,0,0,0,1,0,0,0,0,1,0,0,0,1,0,0,0,1,0,0
2016,102,7.6,213325,53,97.0,280.0,88,40088.0,54.0,272.0,8.0,1,0,0,0,0,0,1,1,0,0,0,0,0,0,0,0,0,0,0,0,0,0,1,0,0,0,1,0,0,0,0,1,0
2016,127,7.8,211233,259,88.0,458.0,82,40088.0,66.0,415.0,8.0,0,0,0,1,0,0,0,1,0,0,0,1,0,0,0,0,0,0,0,0,0,0,1,0,0,0,1,0,0,0,0,1,0
2017,123,7.3,391523,86,92.0,448.0,72,25784.0,59.0,414.0,34.0,0,1,0,0,0,0,0,1,0,1,0,0,0,0,0,0,0,0,0,0,0,0,1,0,0,0,1,0,0,0,0,1,1
2017,94,7.4,258867,85,99.0,391.0,79,22610.0,56.0,388.0,4.0,0,0,0,0,0,1,0,1,0,0,0,0,0,0,0,0,0,0,0,0,0,0,1,0,0,0,1,0,0,0,0,1,0
2017,115,8.1,463268,156,90.0,405.0,87,22869.0,59.0,366.0,39.0,0,0,0,0,0,1,1,1,0,0,0,0,0,0,0,0,0,0,0,0,0,0,1,0,0,0,1,0,0,0,0,1,0
2018,130,8.2,422669,191,77.0,354.0,91,10093.0,49.0,274.0,80.0,0,0,0,1,0,1,0,1,0,0,0,0,0,0,0,0,0,0,0,0,0,0,1,0,0,0,1,0,0,0,1,0,1
2018,119,7.5,183744,261,93.0,405.0,69,7189.0,52.0,378.0,27.0,0,0,0,1,0,1,0,1,0,0,0,0,0,0,0,0,0,0,0,0,0,0,1,0,0,0,1,0,0,0,0,1,0
2018,136,7.6,354157,30,90.0,517.0,79,20442.0,62.0,466.0,52.0,0,0,0,0,0,0,0,1,0,0,0,0,0,1,0,0,1,0,0,0,0,0,1,0,0,0,1,0,0,0,0,1,0
2019,132,8.6,651517,259,88.0,439.0,82,5061.0,53.0,421.0,125.0,0,0,0,0,0,1,0,1,0,0,0,0,0,0,0,0,0,0,0,1,0,0,1,0,0,0,1,0,0,0,0,1,1
2019,119,8.3,485648,259,88.0,439.0,82,5061.0,53.0,421.0,125.0,1,0,0,0,0,0,0,1,0,0,0,0,0,0,0,0,0,0,0,0,1,0,1,0,0,0,1,0,0,0,0,1,0
2019,209,7.8,349303,157,96.0,439.0,86,1057.0,53.0,421.0,19.0,0,0,0,1,0,0,1,1,0,0,0,0,0,0,0,0,0,0,0,0,0,0,1,0,0,0,1,0,0,0,0,1,0
2019,122,8.4,1056051,244,68.0,574.0,88,66303.0,56.0,393.0,182.0,0,0,0,0,0,0,1,1,0,0,0,0,0,0,0,0,0,0,0,1,0,0,0,1,0,0,1,0,0,0,0,1,0
2019,135,7.8,163410,259,88.0,381.0,82,66303.0,48.0,359.0,182.0,0,0,0,0,0,0,0,1,0,0,0,0,0,0,0,0,1,0,0,0,0,0,1,0,0,0,1,0,0,0,0,1,0
2020,107,7.4,123041,259,88.0,381.0,82,184.0,48.0,359.0,22.0,0,0,0,0,0,0,0,1,0,0,0,0,0,0,0,0,0,0,0,0,0,0,1,0,0,0,1,0,0,0,0,1,0
2020,115,7.5,57976,259,88.0,381.0,82,184.0,48.0,359.0,22.0,0,0,0,0,0,0,0,1,0,0,0,0,0,0,0,0,0,0,0,0,0,0,1,0,0,0,1,0,0,0,0,1,0
2020,113,7.5,122269,259,88.0,381.0,82,184.0,48.0,359.0,22.0,0,0,0,0,0,0,1,1,0,0,0,0,0,0,0,0,0,0,0,1,0,0,1,0,0,0,1,0,0,0,0,1,0
2020,129,7.8,156283,259,88.0,381.0,82,184.0,48.0,359.0,22.0,0,0,0,0,0,0,0,1,0,0,0,1,0,0,0,0,0,0,0,1,0,0,1,0,0,0,1,0,0,0,0,1,0
